{"initial": {"X": -241.20172932965255, "Y": -286.691662732826, "ZZ1": -6.644274461633202, "ZZ2": -5.000002007434219, "ZZ3": -4.999998848323777, "ZZ4": -4.999876571618324}, "nAgPMMA@mark": {"X": -257.59173020097427, "Y": -290.6916728263365, "ZZ1": -135.86427496373074}, "nAgPMMA@start": {"X": -257.5916123742403, "Y": -290.6915925513197, "ZZ1": -135.84427379778893}, "nAgPMMA@cal": {"X": -342.21179128221985, "Y": -282.43170111987484, "ZZ1": -106.50427566058444}, "safeZZ1": {"ZZ1": -6.644274461633202}, "safeZZ2": {"ZZ2": -5.000002007434219}, "safeZZ3": {"ZZ3": -4.999998848323777}, "safeZZ4": {"ZZ4": -4.999876571618324}, "nAgPMMAslide@start": {"X": -257.5916123742403, "Y": -290.6915925513197, "ZZ1": -135.84427379778893}}